peptide_id,sequence,length,modifications,synthesis_scale,purity_spec,pred_affinity,pred_stability,pred_solubility,acq_score,liability_count,flag_deamidation_hotspot,flag_asp_pro_cleavage,flag_oxidation_risk,flag_cysteine_risk,flag_extreme_charge,flag_aggregation_risk,notes
Pep_001,LEVTAILLSTWQMSNHRW,18.0,None,5 mg,>=95% (HPLC),4.04555699835217,2.0999954988182616,1.1840017100443165,8.364188282672403,0.0,0.0,0.0,0.0,0.0,0.0,0.0,"Liabilities=0, charge=0.1"
Pep_002,LEVTAILLLTWQMWNHEG,18.0,None,5 mg,>=95% (HPLC),3.9631773097639553,2.057196165743954,1.1520274102904489,8.075734078330006,0.0,0.0,0.0,0.0,0.0,0.0,0.0,"Liabilities=0, charge=-1.9"
Pep_003,LMVTAILLSTWQMTNHRG,18.0,None,5 mg,>=95% (HPLC),4.0145027141727585,2.0895812670702236,1.2746307460534858,8.000527052550327,0.0,0.0,0.0,0.0,0.0,0.0,0.0,"Liabilities=0, charge=1.1"
Pep_004,ILAIVAIRQECSFKLG,16.0,None,5 mg,>=95% (HPLC),4.096274155320629,1.9600674769874527,1.018128524110157,7.915111676593387,0.0,0.0,0.0,0.0,0.0,0.0,0.0,"Liabilities=0, charge=1.0"
Pep_005,STAILVSKILQT,12.0,None,5 mg,>=95% (HPLC),4.1219845948910905,2.0438038637160525,1.2684323082622193,7.8858325591053955,0.0,0.0,0.0,0.0,0.0,0.0,0.0,"Liabilities=0, charge=1.0"
Pep_006,SRIDHLCAIVA,11.0,None,5 mg,>=95% (HPLC),4.137021352056143,1.9842276805790984,1.1010120296882318,7.822724048824268,0.0,0.0,0.0,0.0,0.0,0.0,0.0,"Liabilities=0, charge=0.1"
Pep_007,DHRYKVACLILDVS,14.0,None,5 mg,>=95% (HPLC),4.032168657939301,1.998267774098953,1.0171678454233875,7.67937469171749,0.0,0.0,0.0,0.0,0.0,0.0,0.0,"Liabilities=0, charge=0.1"
Pep_008,VIMLLAQLHLSNHTF,15.0,None,5 mg,>=95% (HPLC),4.1235590258876655,1.9412731823664013,1.2128793940658742,7.643920738696737,0.0,0.0,0.0,0.0,0.0,0.0,0.0,"Liabilities=0, charge=0.2"
Pep_009,WEMSQTAIAGLLQH,14.0,None,5 mg,>=95% (HPLC),3.89020877524815,2.0736273464602286,1.2896781389914207,7.640285956925375,0.0,0.0,0.0,0.0,0.0,0.0,0.0,"Liabilities=0, charge=-0.9"
Pep_010,RNALKEACSRVLVWLPDTMY,20.0,None,5 mg,>=95% (HPLC),3.706180727468719,2.053693059298317,1.0314785162960445,7.628335746821261,0.0,0.0,0.0,0.0,0.0,0.0,0.0,"Liabilities=0, charge=1.0"
Pep_011,LGSERGWAIFLFFLSAGG,18.0,None,5 mg,>=95% (HPLC),3.908607851580546,2.0254237906601547,0.9033450517261945,7.604111804786141,0.0,0.0,0.0,0.0,0.0,0.0,0.0,"Liabilities=0, charge=0.0"
Pep_012,TQTVMCAIAITLHR,14.0,None,5 mg,>=95% (HPLC),3.961351313684683,2.021277090547615,1.2723991303661792,7.602318858774593,0.0,0.0,0.0,0.0,0.0,0.0,0.0,"Liabilities=0, charge=1.1"
Pep_013,LEVVFILLSTWQMWNHRG,18.0,None,5 mg,>=95% (HPLC),3.814168198096758,2.0704546540311624,1.0524068626027698,7.553476539355525,0.0,0.0,0.0,0.0,0.0,0.0,0.0,"Liabilities=0, charge=0.1"
Pep_014,ELIRVCIMVHGQL,13.0,None,5 mg,>=95% (HPLC),4.142293854544879,1.9594350997272898,1.0349001271251854,7.54015483884971,0.0,0.0,0.0,0.0,0.0,0.0,0.0,"Liabilities=0, charge=0.1"
Pep_015,VLMACGIVQMLEQ,13.0,None,5 mg,>=95% (HPLC),4.177140822068667,1.893570416646704,1.0184951766174009,7.472803581317614,0.0,0.0,0.0,0.0,0.0,0.0,0.0,"Liabilities=0, charge=-1.0"
Pep_016,AILIWAITNNEYR,13.0,None,5 mg,>=95% (HPLC),3.8446239295163,1.9817839163389543,0.991815959791008,7.460951505738393,0.0,0.0,0.0,0.0,0.0,0.0,0.0,"Liabilities=0, charge=0.0"
Pep_017,LEVTAILLSTWQPWNTRG,18.0,None,5 mg,>=95% (HPLC),3.5632610792926043,2.108005350823828,1.1637468981471581,7.457500015590275,0.0,0.0,0.0,0.0,0.0,0.0,0.0,"Liabilities=0, charge=0.0"
Pep_018,PDNWVKELHRLLPVVI,16.0,None,5 mg,>=95% (HPLC),3.9481346532273016,2.038757605042784,1.0058623935216102,7.45568135373655,0.0,0.0,0.0,0.0,0.0,0.0,0.0,"Liabilities=0, charge=0.1"
Pep_019,LEVTAILLSTWQTWNHHG,18.0,None,5 mg,>=95% (HPLC),3.559884421362665,2.092419739485026,1.2244881872382964,7.453951482933089,0.0,0.0,0.0,0.0,0.0,0.0,0.0,"Liabilities=0, charge=-0.8"
Pep_020,ECILYVASEIIDH,13.0,None,5 mg,>=95% (HPLC),3.9179248338569588,1.9139299987312566,1.065517588488988,7.449341801929911,0.0,0.0,0.0,0.0,0.0,0.0,0.0,"Liabilities=0, charge=-2.9"
Pep_021,LCVLVNVLNDKHV,13.0,None,5 mg,>=95% (HPLC),3.9920049523654653,2.0350739986206574,1.1000182814233812,7.4492169651414875,0.0,0.0,0.0,0.0,0.0,0.0,0.0,"Liabilities=0, charge=0.1"
Pep_022,RAFVMVAMPCE,11.0,None,5 mg,>=95% (HPLC),3.971612483319221,1.8387686902208675,0.8830746924919367,7.437125508226824,0.0,0.0,0.0,0.0,0.0,0.0,0.0,"Liabilities=0, charge=0.0"
Pep_023,KEFTLAMAINVFPEFEN,17.0,None,5 mg,>=95% (HPLC),3.953674629815122,2.0865672767611025,1.02515031855185,7.433951120519815,0.0,0.0,0.0,0.0,0.0,0.0,0.0,"Liabilities=0, charge=-2.0"
Pep_024,RYCQVGVLLWVGPE,14.0,None,5 mg,>=95% (HPLC),3.8054717670380844,2.01495864483977,0.980110502095355,7.42589353115371,0.0,0.0,0.0,0.0,0.0,0.0,0.0,"Liabilities=0, charge=0.0"
Pep_025,ADIAAIMFDCVVPIHPSRH,19.0,None,5 mg,>=95% (HPLC),3.7221930930921916,1.9898906704147312,1.0361555411988321,7.406767163010505,0.0,0.0,0.0,0.0,0.0,0.0,0.0,"Liabilities=0, charge=-0.8"
Pep_026,EMRYSTVDVLFLWVKGA,17.0,None,5 mg,>=95% (HPLC),3.9503638114312403,1.8782338413785111,0.9428913152462108,7.401975072349941,0.0,0.0,0.0,0.0,0.0,0.0,0.0,"Liabilities=0, charge=0.0"
Pep_027,MLPVFIGLKSCQ,12.0,None,5 mg,>=95% (HPLC),4.213253729374417,2.0527268562748318,1.0531595252782076,7.390948028848426,0.0,0.0,0.0,0.0,0.0,0.0,0.0,"Liabilities=0, charge=1.0"
Pep_028,IMVICLVPRLYLHTFE,16.0,None,5 mg,>=95% (HPLC),4.166734161328143,1.8858865614796076,0.940850605648088,7.388929203420575,0.0,0.0,0.0,0.0,0.0,0.0,0.0,"Liabilities=0, charge=0.1"
Pep_029,CAFIWLLFKTQTEDLTWH,18.0,None,5 mg,>=95% (HPLC),3.9966991309544375,2.0735679928266895,1.0343406263247288,7.374250264561409,0.0,0.0,0.0,0.0,0.0,0.0,0.0,"Liabilities=0, charge=-0.9"
Pep_030,NVIVAIEISYRREVQT,16.0,None,5 mg,>=95% (HPLC),3.631459161598427,2.057959536145352,1.2024496929243722,7.362596734507921,0.0,0.0,0.0,0.0,0.0,0.0,0.0,"Liabilities=0, charge=0.0"
Pep_031,FNAVMLLSDIHTA,13.0,None,5 mg,>=95% (HPLC),3.9854130283257247,1.9726793073843507,1.1806252332574867,7.360306803142478,0.0,0.0,0.0,0.0,0.0,0.0,0.0,"Liabilities=0, charge=-0.9"
Pep_032,RFSDELCMRVVVILQATH,18.0,None,5 mg,>=95% (HPLC),3.768939476285051,2.0200384443769623,1.1173661480312587,7.3553954142433176,0.0,0.0,0.0,0.0,0.0,0.0,0.0,"Liabilities=0, charge=0.1"
Pep_033,NKAADMVVCTVVMAR,15.0,None,5 mg,>=95% (HPLC),4.173645000644081,1.9425033859103906,0.9247341769262544,7.3462137728241945,0.0,0.0,0.0,0.0,0.0,0.0,0.0,"Liabilities=0, charge=1.0"
Pep_034,KHLIECAFIMEGVMPQ,16.0,None,5 mg,>=95% (HPLC),4.0984055320411255,1.986341133059034,1.0083682004003016,7.333132670617097,0.0,0.0,0.0,0.0,0.0,0.0,0.0,"Liabilities=0, charge=-0.9"
Pep_035,GGFVAPSGHSDWIAIILFW,19.0,None,5 mg,>=95% (HPLC),3.482538321315637,1.9409342326981893,0.9467984780806009,7.328954987500391,0.0,0.0,0.0,0.0,0.0,0.0,0.0,"Liabilities=0, charge=-0.9"
Pep_036,DTLMYEIILVDCMFKK,16.0,None,5 mg,>=95% (HPLC),3.8738812538245257,1.9028914743101466,0.9768613354029652,7.3247145000212015,0.0,0.0,0.0,0.0,0.0,0.0,0.0,"Liabilities=0, charge=-1.0"
Pep_037,KVCMALHWGVHKAAV,15.0,None,5 mg,>=95% (HPLC),3.9104274539803834,1.7990014193461448,0.9990176845376535,7.317692161203178,0.0,0.0,0.0,0.0,0.0,0.0,0.0,"Liabilities=0, charge=2.2"
Pep_038,SRKWDLVHIVDM,12.0,None,5 mg,>=95% (HPLC),3.8281330818164134,2.0512469596152254,1.0797121003619903,7.31594443346688,0.0,0.0,0.0,0.0,0.0,0.0,0.0,"Liabilities=0, charge=0.1"
Pep_039,KKESHYEATFAFLVFRIRAM,20.0,None,5 mg,>=95% (HPLC),3.5931595561415044,1.9413569771189316,0.983868290444701,7.313646661786825,0.0,0.0,0.0,0.0,0.0,0.0,0.0,"Liabilities=0, charge=2.1"
Pep_040,LITASNICAAVSAEFD,16.0,None,5 mg,>=95% (HPLC),3.7524853425183387,2.0014738249290103,1.2517509965598348,7.306980485285462,0.0,0.0,0.0,0.0,0.0,0.0,0.0,"Liabilities=0, charge=-2.0"
Pep_041,YGRRVPVMFKAILGLM,16.0,None,5 mg,>=95% (HPLC),3.8994641930650573,1.8430055208600589,0.9489955891769389,7.299015119372327,0.0,0.0,0.0,0.0,0.0,0.0,0.0,"Liabilities=0, charge=3.0"
Pep_042,SMETFFVIMLLDK,13.0,None,5 mg,>=95% (HPLC),4.18480842624937,1.9044334306599757,0.8900449791327928,7.284833028802801,0.0,0.0,0.0,0.0,0.0,0.0,0.0,"Liabilities=0, charge=-1.0"
Pep_043,QIMIIVPAFEMTLE,14.0,None,5 mg,>=95% (HPLC),4.0828538808500126,1.9038651090383276,0.9884527236762575,7.2840997426686425,0.0,0.0,0.0,0.0,0.0,0.0,0.0,"Liabilities=0, charge=-2.0"
Pep_044,GIALAMYYSCN,11.0,None,5 mg,>=95% (HPLC),3.7803779518055736,1.8874773467313173,0.927445487777215,7.266540880314743,0.0,0.0,0.0,0.0,0.0,0.0,0.0,"Liabilities=0, charge=0.0"
Pep_045,NNKYKTKANRLLLAAY,16.0,None,5 mg,>=95% (HPLC),3.689157466154074,1.9887045720528707,1.2028731849647056,7.258686176524624,0.0,0.0,0.0,0.0,0.0,0.0,0.0,"Liabilities=0, charge=4.0"
Pep_046,RDFPCTGIIFYL,12.0,None,5 mg,>=95% (HPLC),3.9060243696082004,1.9680466142924224,0.8853464539615443,7.255022467462663,0.0,0.0,0.0,0.0,0.0,0.0,0.0,"Liabilities=0, charge=0.0"
Pep_047,VAAVCEDGSYEMI,13.0,None,5 mg,>=95% (HPLC),3.8099175306516004,1.8760404826652544,1.0107572898486654,7.250839550664802,0.0,0.0,0.0,0.0,0.0,0.0,0.0,"Liabilities=0, charge=-3.0"
Pep_048,GIQQARGYWFEQLIAVVD,18.0,None,5 mg,>=95% (HPLC),3.597609192792531,2.0118187699660686,1.0608052983888316,7.2487164427788535,0.0,0.0,0.0,0.0,0.0,0.0,0.0,"Liabilities=0, charge=-1.0"
